{
  "overall": {
    "Recall@10": 0.24140893470790378,
    "Recall@50": 0.4845360824742268,
    "MRR": 0.33185208585663867,
    "nDCG@10": 0.22909999263596148,
    "n_queries": 97
  },
  "per_vertical": {
    "medical_devices": {
      "Recall@10": 0.125,
      "Recall@50": 0.75,
      "MRR": 0.061369509043927656,
      "nDCG@10": 0.059299428192324054,
      "n_queries": 4
    },
    "other": {
      "Recall@10": 0.13888888888888887,
      "Recall@50": 0.4444444444444444,
      "MRR": 0.18217394454860827,
      "nDCG@10": 0.12403142524378202,
      "n_queries": 18
    },
    "industrial": {
      "Recall@10": 0.0,
      "Recall@50": 0.1111111111111111,
      "MRR": 0.0033670033670033673,
      "nDCG@10": 0.0,
      "n_queries": 9
    },
    "consumer_electronics": {
      "Recall@10": 0.37777777777777766,
      "Recall@50": 0.6333333333333333,
      "MRR": 0.5681818181818182,
      "nDCG@10": 0.38045210776320576,
      "n_queries": 30
    },
    "software": {
      "Recall@10": 0.25231481481481477,
      "Recall@50": 0.4444444444444444,
      "MRR": 0.3219246031746032,
      "nDCG@10": 0.23164924126763115,
      "n_queries": 36
    }
  }
}