{
  "overall": {
    "Recall@10": 0.1302622498274672,
    "Recall@50": 0.4675387414517849,
    "MRR": 0.1684775232932884,
    "nDCG@10": 0.10805190598284664,
    "n_queries": 483
  },
  "per_vertical": {
    "medical_devices": {
      "Recall@10": 0.02631578947368421,
      "Recall@50": 0.5961722488038278,
      "MRR": 0.03288286763059035,
      "nDCG@10": 0.0079218419911574,
      "n_queries": 38
    },
    "other": {
      "Recall@10": 0.07352941176470587,
      "Recall@50": 0.38725490196078427,
      "MRR": 0.08868086147640332,
      "nDCG@10": 0.06326973319787903,
      "n_queries": 68
    },
    "consumer_electronics": {
      "Recall@10": 0.19595959595959594,
      "Recall@50": 0.5656565656565656,
      "MRR": 0.26246965977715775,
      "nDCG@10": 0.16324123883568084,
      "n_queries": 165
    },
    "software": {
      "Recall@10": 0.11948853615520283,
      "Recall@50": 0.3994708994708995,
      "MRR": 0.1511532391350985,
      "nDCG@10": 0.09868198057517373,
      "n_queries": 189
    },
    "industrial": {
      "Recall@10": 0.08695652173913043,
      "Recall@50": 0.34782608695652173,
      "MRR": 0.09649304958851272,
      "nDCG@10": 0.08695652173913043,
      "n_queries": 23
    }
  }
}